Car_Name,Year,Selling_Price,Present_Price,Kms_Driven,Fuel_Type,Seller_Type,Transmission,Owner
ritz,2014,0.09312320916905445,0.0571087993064586,0.05305305305305305,Petrol,Dealer,Manual,0
sx4,2013,0.1332378223495702,0.09991330732553098,0.08508508508508507,Diesel,Dealer,Manual,0
ciaz,2017,0.20487106017191978,0.10327264846120503,0.012812812812812812,Petrol,Dealer,Manual,0
wagon r,2011,0.07879656160458454,0.041504117902037285,0.009409409409409408,Petrol,Dealer,Manual,0
swift,2014,0.12893982808022922,0.07097962722149978,0.08398398398398398,Diesel,Dealer,Manual,0
vitara brezza,2018,0.26217765042979946,0.10305591677503251,0.0031451451451451453,Diesel,Dealer,Manual,0
ciaz,2015,0.19054441260744986,0.08452535760728218,0.036628628628628625,Petrol,Dealer,Manual,0
s cross,2015,0.18338108882521492,0.08983528391850888,0.06592392392392392,Diesel,Dealer,Manual,0
ciaz,2016,0.24785100286532952,0.09286952752492415,0.039585585585585586,Diesel,Dealer,Manual,0
ciaz,2015,0.21060171919770776,0.09319462505418293,0.0838178178178178,Diesel,Dealer,Manual,0
alto 800,2017,0.07879656160458454,0.035543996532293023,0.003273273273273273,Petrol,Dealer,Manual,0
ciaz,2015,0.19340974212034384,0.10901603814477678,0.10110110110110108,Diesel,Dealer,Manual,0
ciaz,2015,0.21203438395415475,0.10424794104898136,0.029029029029029027,Petrol,Dealer,Automatic,0
ertiga,2015,0.17191977077363899,0.08008235804074555,0.05105105105105105,Petrol,Dealer,Manual,0
dzire,2009,0.06160458452722064,0.0746640658864326,0.15400800800800798,Petrol,Dealer,Manual,0
ertiga,2016,0.2191977077363897,0.11345903771131338,0.08508508508508507,Diesel,Dealer,Manual,0
ertiga,2015,0.20487106017191978,0.11345903771131338,0.08243843843843843,Diesel,Dealer,Manual,0
ertiga,2016,0.2191977077363897,0.11345903771131338,0.08508508508508507,Diesel,Dealer,Manual,0
wagon r,2015,0.09025787965616047,0.05169050715214564,0.07007007007007006,CNG,Dealer,Manual,0
sx4,2010,0.07306590257879657,0.08300823580407456,0.08196596596596596,Petrol,Dealer,Manual,0
alto k10,2016,0.07879656160458454,0.0393368010403121,0.04904904904904905,Petrol,Dealer,Manual,0
ignis,2017,0.1375358166189112,0.05840918942349371,0.0038038038038038036,Petrol,Dealer,Manual,0
sx4,2011,0.12320916905444129,0.08333333333333333,0.09909909909909909,Petrol,Dealer,Automatic,0
alto k10,2014,0.0687679083094556,0.034026874729085395,0.08964964964964964,Petrol,Dealer,Manual,0
wagon r,2013,0.08022922636103152,0.044321629822280016,0.11287087087087086,Petrol,Dealer,Manual,0
swift,2011,0.08309455587392552,0.05060684872128306,0.03903903903903904,Petrol,Dealer,Manual,0
swift,2013,0.11604584527220632,0.06014304291287387,0.10938538538538538,Petrol,Dealer,Manual,0
swift,2017,0.169054441260745,0.06686172518422194,0.03143143143143143,Petrol,Individual,Manual,0
alto k10,2010,0.05300859598853868,0.0393368010403121,0.08817217217217216,Petrol,Dealer,Manual,0
ciaz,2015,0.21060171919770776,0.10901603814477678,0.08908908908908908,Diesel,Dealer,Manual,0
ritz,2012,0.08595988538681949,0.06133506718682272,0.10197997997997997,Diesel,Dealer,Manual,0
ritz,2011,0.06446991404011462,0.04952319029042045,0.1075075075075075,Petrol,Dealer,Manual,0
swift,2014,0.1389684813753582,0.07769830949284785,0.07707707707707706,Diesel,Dealer,Manual,0
ertiga,2014,0.169054441260745,0.10435630689206761,0.08908908908908908,Diesel,Dealer,Manual,0
dzire,2014,0.1547277936962751,0.08387516254876463,0.08908908908908908,Diesel,Dealer,Manual,0
sx4,2011,0.08166189111747853,0.08040745557000434,0.09909509509509508,CNG,Dealer,Manual,0
dzire,2015,0.13037249283667623,0.07455570004334634,0.09663063063063061,Petrol,Dealer,Manual,0
800,2003,0.0071633237822349575,0.021239705244906804,0.25325325325325326,Petrol,Individual,Manual,0
alto k10,2016,0.08309455587392552,0.037277850021673165,0.01917717717717718,Petrol,Dealer,Manual,0
sx4,2003,0.06160458452722064,0.08300823580407456,0.12312312312312311,Petrol,Dealer,Manual,0
baleno,2016,0.16475644699140402,0.08181621153012571,0.048096096096096094,Petrol,Dealer,Automatic,0
alto k10,2014,0.07020057306590258,0.03966189856957087,0.0925045045045045,Petrol,Dealer,Manual,0
sx4,2008,0.05300859598853868,0.07401387082791505,0.1151151151151151,Petrol,Dealer,Manual,0
dzire,2014,0.1547277936962751,0.08387516254876463,0.09065065065065064,Diesel,Dealer,Manual,0
omni,2012,0.032951289398280806,0.025682704811443434,0.09909909909909909,Petrol,Dealer,Manual,0
ciaz,2014,0.21203438395415475,0.1270047680970958,0.029029029029029027,Petrol,Dealer,Automatic,0
ritz,2013,0.07306590257879657,0.04952319029042045,0.1281921921921922,Petrol,Dealer,Manual,0
wagon r,2006,0.027220630372492838,0.041504117902037285,0.1291291291291291,Petrol,Dealer,Manual,0
ertiga,2015,0.16332378223495703,0.08008235804074555,0.05079079079079079,Petrol,Dealer,Manual,0
ciaz,2017,0.2191977077363897,0.0972041612483745,0.07307307307307306,Petrol,Dealer,Automatic,0
fortuner,2012,0.4240687679083095,0.3282401387082791,0.2086226226226226,Diesel,Dealer,Automatic,0
fortuner,2015,0.6561604584527221,0.3282401387082791,0.07907907907907907,Diesel,Dealer,Automatic,0
innova,2017,0.512893982808023,0.21077156480277418,0.029029029029029027,Diesel,Dealer,Automatic,0
fortuner,2013,0.4555873925501433,0.3282401387082791,0.26926926926926925,Diesel,Individual,Automatic,0
innova,2005,0.07593123209169056,0.10717381881231038,0.17917917917917917,Petrol,Individual,Manual,0
corolla altis,2009,0.1002865329512894,0.15951452102297356,0.1391391391391391,Petrol,Dealer,Automatic,0
etios cross,2015,0.12607449856733527,0.07531426094495015,0.08014814814814814,Petrol,Dealer,Manual,0
corolla altis,2010,0.1332378223495702,0.1974425661031643,0.09909909909909909,Petrol,Dealer,Manual,0
etios g,2014,0.11461318051575932,0.07022106631989597,0.07804804804804803,Petrol,Dealer,Manual,1
fortuner,2014,0.5699140401146132,0.3862158647594278,0.08108108108108107,Diesel,Dealer,Automatic,0
corolla altis,2013,0.19627507163323785,0.1982011270047681,0.07908108108108107,Petrol,Dealer,Manual,0
etios cross,2015,0.12607449856733527,0.0799739921976593,0.08025625625625625,Petrol,Dealer,Manual,0
fortuner,2014,0.5343839541547278,0.3862158647594278,0.15515515515515513,Diesel,Dealer,Automatic,0
fortuner,2015,0.670487106017192,0.3862158647594278,0.09309309309309308,Diesel,Dealer,Automatic,0
fortuner,2017,0.9426934097421205,0.3891417425227568,0.011011011011011011,Diesel,Dealer,Automatic,0
etios liva,2014,0.1332378223495702,0.07184655396618986,0.08908908908908908,Diesel,Dealer,Manual,0
innova,2017,0.5630372492836676,0.2473992197659298,0.02102102102102102,Petrol,Dealer,Automatic,0
fortuner,2010,0.26217765042979946,0.2181404421326398,0.1171171171171171,Diesel,Dealer,Manual,0
corolla altis,2011,0.12177650429799428,0.14542696142175987,0.17517517517517517,Petrol,Dealer,Manual,0
corolla altis,2016,0.4054441260744986,0.22312527091460774,0.023023023023023025,Petrol,Dealer,Manual,0
etios liva,2014,0.11031518624641835,0.06978760294755093,0.14114114114114112,Diesel,Dealer,Manual,0
corolla altis,2011,0.12607449856733527,0.13177286519289122,0.08908908908908908,Diesel,Dealer,Manual,0
corolla altis,2013,0.21060171919770776,0.1982011270047681,0.1111131131131131,Petrol,Dealer,Manual,0
etios liva,2011,0.07306590257879657,0.05840918942349371,0.08508508508508507,Petrol,Dealer,Manual,0
etios cross,2014,0.1375358166189112,0.09330299089726918,0.16516516516516516,Diesel,Dealer,Manual,0
etios g,2015,0.11031518624641835,0.07022106631989597,0.07107107107107107,Petrol,Dealer,Manual,0
corolla altis,2013,0.1547277936962751,0.15561335067186824,0.14314314314314314,Petrol,Dealer,Manual,0
corolla,2004,0.04011461318051576,0.13036410923276984,0.2695775775775776,Petrol,Dealer,Automatic,0
corolla altis,2010,0.14756446991404013,0.24393151278716949,0.15915915915915915,Petrol,Dealer,Automatic,0
fortuner,2012,0.41260744985673353,0.3282401387082791,0.17717717717717715,Diesel,Dealer,Automatic,0
corolla altis,2016,0.4191977077363897,0.1578890333766797,0.04504504504504504,Diesel,Dealer,Manual,0
etios gd,2015,0.1332378223495702,0.08159947984395319,0.07907907907907907,Diesel,Dealer,Manual,0
innova,2017,0.6561604584527221,0.2716731686172518,0.029029029029029027,Diesel,Dealer,Automatic,0
innova,2015,0.3553008595988539,0.14239271781534463,0.07507507507507506,Diesel,Dealer,Manual,0
innova,2005,0.09713467048710603,0.14239271781534463,0.3937457457457457,Diesel,Dealer,Manual,0
camry,2006,0.0687679083094556,0.2536844386649328,0.2832832832832833,Petrol,Individual,Automatic,3
land cruiser,2010,1.0,1.0,0.15515515515515513,Diesel,Dealer,Manual,0
corolla altis,2012,0.16618911174785103,0.14542696142175987,0.1111111111111111,Petrol,Dealer,Manual,0
etios liva,2013,0.09598853868194844,0.06209362808842653,0.09309309309309308,Petrol,Dealer,Manual,0
etios g,2014,0.1332378223495702,0.06978760294755093,0.07907907907907907,Petrol,Dealer,Manual,0
corolla altis,2009,0.10601719197707737,0.1982011270047681,0.12312312312312311,Petrol,Dealer,Manual,0
innova,2014,0.3194842406876791,0.1708929345470308,0.11559959959959959,Diesel,Dealer,Manual,0
innova,2005,0.09770773638968482,0.14499349804941483,0.14914914914914915,Petrol,Dealer,Manual,0
fortuner,2015,0.6561604584527221,0.3282401387082791,0.07907907907907907,Diesel,Dealer,Automatic,0
corolla altis,2008,0.11174785100286534,0.24338968357173824,0.17717717717717715,Petrol,Dealer,Automatic,0
corolla altis,2012,0.16475644699140402,0.1982011270047681,0.14314314314314314,Petrol,Dealer,Manual,0
innova,2016,0.5916905444126075,0.2716731686172518,0.057057057057057055,Diesel,Dealer,Automatic,0
corolla altis,2017,0.4842406876790831,0.1985262245340269,0.01641641641641642,Petrol,Dealer,Manual,0
corolla altis,2013,0.19914040114613182,0.1982011270047681,0.08908908908908908,Petrol,Dealer,Manual,0
fortuner,2010,0.27363896848137537,0.2181404421326398,0.09914714714714713,Diesel,Dealer,Manual,0
Royal Enfield Thunder 500,2016,0.04727793696275072,0.017121803207628954,0.005005005005005005,Petrol,Individual,Manual,0
UM Renegade Mojave,2017,0.045845272206303724,0.016254876462938883,0.0018018018018018016,Petrol,Individual,Manual,0
KTM RC200,2017,0.044412607449856735,0.015821413090593844,0.007007007007007007,Petrol,Individual,Manual,0
Bajaj Dominar 400,2017,0.03868194842406877,0.01387082791504118,0.0014014014014014013,Petrol,Individual,Manual,0
Royal Enfield Classic 350,2017,0.03581661891117479,0.012462071954919808,0.0072072072072072065,Petrol,Individual,Manual,0
KTM RC390,2015,0.03581661891117479,0.022214997832683138,0.04244244244244244,Petrol,Individual,Manual,0
Hyosung GT250R,2014,0.03581661891117479,0.033918508885999135,0.03203203203203203,Petrol,Individual,Manual,1
Royal Enfield Thunder 350,2013,0.032951289398280806,0.012787169484178587,0.029029029029029027,Petrol,Individual,Manual,0
Royal Enfield Thunder 350,2016,0.03151862464183381,0.012787169484178587,0.035035035035035036,Petrol,Individual,Manual,0
Royal Enfield Classic 350,2017,0.03151862464183381,0.012462071954919808,0.02102102102102102,Petrol,Individual,Manual,0
KTM RC200,2016,0.03151862464183381,0.015821413090593844,0.011011011011011011,Petrol,Individual,Manual,0
Royal Enfield Thunder 350,2016,0.030085959885386815,0.012787169484178587,0.01641641641641642,Petrol,Individual,Manual,0
KTM 390 Duke ,2014,0.030085959885386815,0.022540095361941914,0.013013013013013013,Petrol,Individual,Manual,0
Mahindra Mojo XT300,2016,0.030085959885386815,0.011703511053315994,0.06906906906906905,Petrol,Individual,Manual,0
Royal Enfield Classic 350,2015,0.030085959885386815,0.012462071954919808,0.03303303303303303,Petrol,Individual,Manual,0
Royal Enfield Classic 350,2015,0.028939828080229227,0.012462071954919808,0.03403403403403403,Petrol,Individual,Manual,0
Royal Enfield Classic 350,2013,0.028653295128939833,0.012462071954919808,0.06506506506506506,Petrol,Individual,Manual,0
Royal Enfield Thunder 500,2015,0.028653295128939833,0.017121803207628954,0.02702702702702703,Petrol,Individual,Manual,0
Royal Enfield Classic 350,2015,0.028653295128939833,0.012462071954919808,0.05105105105105105,Petrol,Individual,Manual,0
Royal Enfield Thunder 500,2013,0.027220630372492838,0.017121803207628954,0.009809809809809809,Petrol,Individual,Manual,0
Bajaj Pulsar RS200,2016,0.027220630372492838,0.010186389250108365,0.010410410410410409,Petrol,Individual,Manual,0
Royal Enfield Thunder 350,2011,0.027220630372492838,0.012787169484178587,0.012812812812812812,Petrol,Individual,Manual,0
Royal Enfield Bullet 350,2016,0.027220630372492838,0.009211096662332031,0.011011011011011011,Petrol,Individual,Manual,0
Royal Enfield Classic 350,2013,0.025787965616045846,0.012462071954919808,0.09209209209209208,Petrol,Individual,Manual,0
Royal Enfield Classic 500,2012,0.024355300859598854,0.015496315561335065,0.02202202202202202,Petrol,Individual,Manual,0
Royal Enfield Classic 500,2009,0.022922636103151862,0.015496315561335065,0.07907907907907907,Petrol,Individual,Manual,0
Bajaj Avenger 220,2017,0.022922636103151862,0.00682704811443433,0.0016016016016016012,Petrol,Individual,Manual,0
Bajaj Avenger 150,2016,0.01862464183381089,0.005201560468140443,0.013013013013013013,Petrol,Individual,Manual,0
Honda CB Hornet 160R,2017,0.02005730659025788,0.005960121369744256,0.005005005005005005,Petrol,Individual,Manual,0
Yamaha FZ S V 2.0,2017,0.019484240687679084,0.005635023840485478,0.009009009009009009,Petrol,Individual,Manual,0
Honda CB Hornet 160R,2017,0.01862464183381089,0.005960121369744256,0.02102102102102102,Petrol,Individual,Manual,0
Yamaha FZ 16,2015,0.01862464183381089,0.005418292154312961,0.035035035035035036,Petrol,Individual,Manual,0
Bajaj Avenger 220,2017,0.01862464183381089,0.00682704811443433,0.006006006006006006,Petrol,Individual,Manual,0
Bajaj Avenger 220,2016,0.01776504297994269,0.00682704811443433,0.0,Petrol,Individual,Manual,0
TVS Apache RTR 160,2017,0.015759312320916905,0.005309926311226701,0.022622622622622622,Petrol,Individual,Manual,0
Bajaj Pulsar 150,2015,0.015759312320916905,0.004551365409622887,0.009009009009009009,Petrol,Individual,Manual,0
Honda CBR 150,2014,0.015759312320916905,0.00953619419159081,0.04604604604604604,Petrol,Individual,Manual,0
Hero Extreme,2013,0.015759312320916905,0.0050606848721283055,0.031031031031031032,Petrol,Individual,Manual,0
Honda CB Hornet 160R,2016,0.014326647564469913,0.005960121369744256,0.029029029029029027,Petrol,Individual,Manual,0
Bajaj Avenger 220 dtsi,2015,0.014326647564469913,0.00682704811443433,0.03223223223223223,Petrol,Individual,Manual,0
Honda CBR 150,2013,0.014326647564469913,0.00953619419159081,0.06306306306306306,Petrol,Individual,Manual,0
Bajaj Avenger 150 street,2016,0.014326647564469913,0.005201560468140443,0.03903903903903904,Petrol,Individual,Manual,0
Yamaha FZ  v 2.0,2015,0.014326647564469913,0.005635023840485478,0.057057057057057055,Petrol,Individual,Manual,0
Yamaha FZ  v 2.0,2016,0.014326647564469913,0.005635023840485478,0.04904904904904905,Petrol,Individual,Manual,0
Bajaj Pulsar  NS 200,2014,0.014326647564469913,0.007260511486779367,0.04904904904904905,Petrol,Individual,Manual,0
TVS Apache RTR 160,2012,0.014326647564469913,0.005309926311226701,0.037037037037037035,Petrol,Individual,Manual,0
Hero Extreme,2014,0.012893982808022925,0.0050606848721283055,0.029029029029029027,Petrol,Individual,Manual,0
Yamaha FZ S V 2.0,2015,0.012893982808022925,0.005635023840485478,0.1151151151151151,Petrol,Individual,Manual,0
Bajaj Pulsar 220 F,2010,0.01203438395415473,0.00671868227134807,0.08908908908908908,Petrol,Individual,Manual,0
Bajaj Pulsar 220 F,2016,0.01174785100286533,0.00671868227134807,0.04704704704704705,Petrol,Individual,Manual,0
TVS Apache RTR 180,2011,0.011461318051575933,0.005483311660164715,0.011011011011011011,Petrol,Individual,Manual,0
Hero Passion X pro,2016,0.011461318051575933,0.0024924143909839623,0.06106106106106106,Petrol,Individual,Manual,0
Bajaj Pulsar NS 200,2012,0.011461318051575933,0.007260511486779367,0.025025025025025023,Petrol,Individual,Manual,0
Bajaj Pulsar NS 200,2013,0.011461318051575933,0.007260511486779367,0.08908908908908908,Petrol,Individual,Manual,0
Yamaha Fazer ,2014,0.011461318051575933,0.006068487212830515,0.015015015015015015,Petrol,Individual,Manual,0
Honda Activa 4G,2017,0.010888252148997135,0.0020589510186389253,0.007607607607607607,Petrol,Individual,Automatic,0
TVS Sport ,2017,0.010888252148997135,0.002167316861725184,0.029029029029029027,Petrol,Individual,Manual,0
Yamaha FZ S V 2.0,2015,0.010888252148997135,0.005635023840485478,0.04504504504504504,Petrol,Individual,Manual,0
Honda Dream Yuga ,2017,0.010888252148997135,0.0023840485478977026,0.016216216216216217,Petrol,Individual,Manual,0
Honda Activa 4G,2017,0.01002865329512894,0.0020589510186389253,0.007007007007007007,Petrol,Individual,Automatic,0
Bajaj Avenger Street 220,2011,0.01002865329512894,0.00682704811443433,0.04704704704704705,Petrol,Individual,Manual,0
TVS Apache RTR 180,2014,0.01002865329512894,0.005483311660164715,0.04504504504504504,Petrol,Individual,Manual,0
Bajaj Pulsar NS 200,2012,0.01002865329512894,0.007260511486779367,0.028028028028028028,Petrol,Individual,Manual,0
Bajaj Avenger 220 dtsi,2010,0.01002865329512894,0.00682704811443433,0.05305305305305305,Petrol,Individual,Manual,0
Hero Splender iSmart,2016,0.01002865329512894,0.0023840485478977026,0.02702702702702703,Petrol,Individual,Manual,0
Activa 3g,2016,0.01002865329512894,0.0023840485478977026,0.0,Petrol,Individual,Automatic,0
Hero Passion Pro,2016,0.01002865329512894,0.0024924143909839623,0.001001001001001001,Petrol,Individual,Manual,0
TVS Apache RTR 160,2014,0.009169054441260746,0.005309926311226701,0.08308308308308307,Petrol,Individual,Manual,0
Honda CB Trigger,2013,0.009169054441260746,0.004442999566536627,0.023023023023023025,Petrol,Individual,Manual,0
Hero Splender iSmart,2015,0.008595988538681949,0.0023840485478977026,0.02702702702702703,Petrol,Individual,Manual,0
Yamaha FZ S ,2012,0.008595988538681949,0.005526657997399219,0.01001001001001001,Petrol,Individual,Manual,0
Hero Passion Pro,2015,0.008595988538681949,0.0024924143909839623,0.012412412412412411,Petrol,Individual,Manual,0
Bajaj Pulsar 135 LS,2014,0.008595988538681949,0.003467706978760295,0.026426426426426425,Petrol,Individual,Manual,0
Activa 4g,2017,0.008595988538681949,0.0020589510186389253,0.0016016016016016012,Petrol,Individual,Automatic,0
Honda CB Unicorn,2015,0.008022922636103151,0.004334633723450368,0.07627627627627627,Petrol,Individual,Manual,0
Hero Honda CBZ extreme,2011,0.008022922636103151,0.0050606848721283055,0.14914914914914915,Petrol,Individual,Manual,0
Honda Karizma,2011,0.0071633237822349575,0.007910706545296922,0.05905905905905906,Petrol,Individual,Manual,0
Honda Activa 125,2016,0.0071633237822349575,0.00270914607715648,0.04704704704704705,Petrol,Individual,Automatic,0
TVS Jupyter,2014,0.0071633237822349575,0.002167316861725184,0.037037037037037035,Petrol,Individual,Automatic,0
Honda Karizma,2010,0.006017191977077364,0.007910706545296922,0.42542542542542544,Petrol,Individual,Manual,0
Hero Honda Passion Pro,2012,0.0057306590257879654,0.0020589510186389253,0.11911911911911911,Petrol,Individual,Manual,0
Hero Splender Plus,2016,0.0057306590257879654,0.0017338534893801471,0.09909909909909909,Petrol,Individual,Manual,0
Honda CB Shine,2013,0.0057306590257879654,0.0028175119202427388,0.05905905905905906,Petrol,Individual,Manual,0
Bajaj Discover 100,2013,0.004871060171919772,0.0016254876462938874,0.04104104104104104,Petrol,Individual,Manual,0
Bajaj Pulsar 150,2008,0.004297994269340974,0.004659731252709146,0.05105105105105105,Petrol,Individual,Manual,1
Suzuki Access 125,2008,0.004297994269340974,0.0028175119202427388,0.0028028028028028026,Petrol,Individual,Automatic,0
TVS Wego,2010,0.004297994269340974,0.002167316861725184,0.043043043043043044,Petrol,Individual,Automatic,0
Honda CB twister,2013,0.004297994269340974,0.0020589510186389253,0.06306306306306306,Petrol,Individual,Manual,0
Hero Glamour,2013,0.004297994269340974,0.00270914607715648,0.035035035035035036,Petrol,Individual,Manual,0
Hero Super Splendor,2005,0.002865329512893983,0.00270914607715648,0.10910910910910909,Petrol,Individual,Manual,0
Bajaj Pulsar 150,2008,0.002865329512893983,0.004659731252709146,0.11911911911911911,Petrol,Individual,Manual,0
Bajaj Discover 125,2012,0.002865329512893983,0.00270914607715648,0.04904904904904905,Petrol,Individual,Manual,1
Hero Hunk,2007,0.002865329512893983,0.004659731252709146,0.09709709709709709,Petrol,Individual,Manual,1
Hero  Ignitor Disc,2013,0.002865329512893983,0.003576072821846554,0.04704704704704705,Petrol,Individual,Manual,1
Hero  CBZ Xtreme,2008,0.002865329512893983,0.0050606848721283055,0.09909909909909909,Petrol,Individual,Manual,0
Bajaj  ct 100,2015,0.0022922636103151857,0.0,0.06906906906906905,Petrol,Individual,Manual,0
Activa 3g,2008,0.0020057306590257886,0.002167316861725184,0.9999999999999999,Petrol,Individual,Automatic,0
Honda CB twister,2010,0.00171919770773639,0.0020589510186389253,0.06506506506506506,Petrol,Individual,Manual,0
Bajaj Discover 125,2011,0.0014326647564469911,0.00270914607715648,0.06906906906906905,Petrol,Individual,Manual,1
Honda CB Shine,2007,0.0005730659025787962,0.0028175119202427388,0.1051051051051051,Petrol,Individual,Manual,0
Bajaj Pulsar 150,2006,0.0,0.004659731252709146,0.18364964964964964,Petrol,Individual,Manual,0
i20,2010,0.09025787965616047,0.07011270047680972,0.1151151151151151,Diesel,Dealer,Manual,1
grand i10,2015,0.12320916905444129,0.05830082358040746,0.05545545545545545,Petrol,Dealer,Manual,0
i10,2011,0.08166189111747853,0.046380580840918936,0.10602602602602601,Petrol,Dealer,Manual,0
eon,2015,0.07593123209169056,0.044538361508452536,0.055619619619619615,Petrol,Dealer,Manual,0
grand i10,2016,0.14756446991404013,0.05830082358040746,0.0059919919919919915,Petrol,Dealer,Manual,1
xcent,2017,0.16189111747851004,0.07379713914174252,0.02398198198198198,Petrol,Dealer,Manual,0
grand i10,2015,0.14469914040114615,0.05830082358040746,0.06866266266266265,Petrol,Dealer,Automatic,0
i20,2017,0.22349570200573068,0.08430862592110966,0.005875875875875875,Petrol,Dealer,Manual,0
grand i10,2015,0.1361031518624642,0.05830082358040746,0.04129129129129129,Diesel,Dealer,Manual,0
i10,2012,0.08595988538681949,0.046380580840918936,0.0706206206206206,Petrol,Dealer,Manual,0
elantra,2015,0.333810888252149,0.1568053749458171,0.08615615615615614,Diesel,Dealer,Manual,0
creta,2016,0.3194842406876791,0.14390983961855225,0.04438638638638639,Petrol,Dealer,Manual,0
i20,2011,0.08022922636103152,0.07011270047680972,0.062270270270270274,Petrol,Dealer,Manual,0
grand i10,2017,0.14756446991404013,0.05830082358040746,0.039267267267267265,Petrol,Dealer,Manual,0
verna,2012,0.12607449856733527,0.09839618552232338,0.07127127127127127,Petrol,Dealer,Manual,0
eon,2016,0.08022922636103152,0.044538361508452536,0.024024024024024024,Petrol,Dealer,Manual,0
eon,2016,0.08739255014326648,0.044538361508452536,0.029029029029029027,Petrol,Dealer,Manual,0
verna,2014,0.18194842406876793,0.09839618552232338,0.08924524524524523,Petrol,Dealer,Manual,0
verna,2012,0.12607449856733527,0.09839618552232338,0.07107107107107107,Petrol,Dealer,Manual,0
eon,2017,0.09742120343839543,0.044538361508452536,0.07605205205205204,Petrol,Dealer,Manual,0
i20,2013,0.12607449856733527,0.07011270047680972,0.06306306306306306,Petrol,Dealer,Automatic,0
i20,2014,0.169054441260745,0.0788903337667967,0.1544184184184184,Diesel,Dealer,Manual,0
verna,2015,0.23352435530085963,0.09839618552232338,0.12188388388388387,Diesel,Dealer,Manual,0
verna,2013,0.14355300859598857,0.09839618552232338,0.07146746746746746,Petrol,Dealer,Automatic,0
i10,2011,0.07449856733524357,0.046380580840918936,0.04407807807807808,Petrol,Dealer,Manual,0
grand i10,2015,0.14756446991404013,0.05830082358040746,0.048404404404404404,Petrol,Dealer,Manual,0
i10,2011,0.07020057306590258,0.044538361508452536,0.1131131131131131,Petrol,Dealer,Manual,0
verna,2012,0.1389684813753582,0.09839618552232338,0.11911911911911911,Diesel,Dealer,Manual,0
i20,2012,0.08595988538681949,0.07011270047680972,0.10336736736736736,Diesel,Dealer,Manual,0
verna,2013,0.17335243553008597,0.09839618552232338,0.08908908908908908,Diesel,Dealer,Manual,0
verna,2017,0.26217765042979946,0.09839618552232338,0.02903103103103103,Petrol,Dealer,Manual,0
elantra,2015,0.32521489971346706,0.1568053749458171,0.024824824824824822,Petrol,Dealer,Automatic,0
grand i10,2013,0.10888252148997135,0.05830082358040746,0.1051051051051051,Diesel,Dealer,Manual,0
grand i10,2015,0.1547277936962751,0.05830082358040746,0.00799199199199199,Petrol,Dealer,Manual,0
verna,2017,0.25787965616045844,0.09839618552232338,0.02931131131131131,Petrol,Dealer,Manual,0
eon,2016,0.08595988538681949,0.044538361508452536,0.02272072072072072,Petrol,Dealer,Manual,0
creta,2015,0.3194842406876791,0.14390983961855225,0.13513513513513511,Diesel,Dealer,Manual,0
verna,2013,0.1346704871060172,0.09839618552232338,0.11960160160160159,Petrol,Dealer,Manual,0
eon,2012,0.054441260744985676,0.044538361508452536,0.046464464464464464,Petrol,Dealer,Manual,0
verna,2012,0.1504297994269341,0.09839618552232338,0.0637077077077077,Diesel,Dealer,Manual,0
xcent,2015,0.1332378223495702,0.07379713914174252,0.0708028028028028,Petrol,Dealer,Manual,1
xcent,2014,0.12320916905444129,0.07379713914174252,0.06706706706706705,Petrol,Dealer,Manual,0
i20,2016,0.17621776504297995,0.0788903337667967,0.013013013013013013,Petrol,Dealer,Manual,0
verna,2013,0.16762177650429802,0.09839618552232338,0.09709709709709709,Diesel,Dealer,Manual,0
verna,2012,0.14613180515759314,0.09839618552232338,0.14114114114114112,Diesel,Dealer,Manual,0
i20,2012,0.10458452722063039,0.07011270047680972,0.06906906906906905,Petrol,Dealer,Manual,0
verna,2015,0.16762177650429802,0.09839618552232338,0.07107107107107107,Petrol,Dealer,Manual,0
i10,2013,0.11174785100286534,0.046380580840918936,0.05905905905905906,Petrol,Dealer,Manual,0
i20,2016,0.14756446991404013,0.0788903337667967,0.03303303303303303,Petrol,Dealer,Manual,0
creta,2016,0.36676217765042984,0.14390983961855225,0.07093893893893893,Diesel,Dealer,Manual,0
city,2013,0.14040114613180518,0.10381447767663633,0.1125145145145145,Petrol,Dealer,Manual,0
brio,2015,0.15186246418338112,0.07043779800606849,0.06191591591591591,Petrol,Dealer,Automatic,0
city,2014,0.2034383954154728,0.10381447767663633,0.09509509509509509,Diesel,Dealer,Manual,0
city,2013,0.14756446991404013,0.10381447767663633,0.10759159159159158,Petrol,Dealer,Manual,0
brio,2012,0.08309455587392552,0.05450801907238838,0.10645645645645645,Petrol,Dealer,Manual,0
city,2016,0.2908309455587393,0.14390983961855225,0.09822222222222221,Petrol,Dealer,Manual,0
city,2015,0.24068767908309457,0.14390983961855225,0.07972772772772772,Petrol,Dealer,Manual,0
city,2015,0.2378223495702006,0.14390983961855225,0.04904904904904905,Petrol,Dealer,Manual,0
amaze,2014,0.10888252148997135,0.07238838318162115,0.07117917917917917,Petrol,Dealer,Manual,0
city,2016,0.2593123209169055,0.14390983961855225,0.0575035035035035,Petrol,Dealer,Manual,0
brio,2016,0.1547277936962751,0.06122670134373645,0.01021021021021021,Petrol,Dealer,Manual,0
amaze,2015,0.11174785100286534,0.05938448201127004,0.07912512512512511,Petrol,Dealer,Manual,0
jazz,2016,0.1862464183381089,0.0799739921976593,0.031035035035035033,Petrol,Dealer,Manual,0
amaze,2015,0.11174785100286534,0.07238838318162115,0.07913113113113113,Petrol,Dealer,Manual,0
jazz,2017,0.18338108882521492,0.09081057650628521,0.04144144144144144,Petrol,Dealer,Manual,0
amaze,2014,0.1017191977077364,0.07238838318162115,0.06906906906906905,Petrol,Dealer,Manual,0
city,2016,0.23638968481375358,0.09839618552232338,0.0379059059059059,Diesel,Dealer,Manual,0
brio,2017,0.1346704871060172,0.05938448201127004,0.037037037037037035,Petrol,Dealer,Manual,0
city,2015,0.18911174785100288,0.10489813610749892,0.036692692692692694,Petrol,Dealer,Manual,0
city,2011,0.11461318051575932,0.10489813610749892,0.1378198198198198,Petrol,Dealer,Manual,0
city,2009,0.08309455587392552,0.10489813610749892,0.13826226226226224,Petrol,Dealer,Manual,0
city,2015,0.21203438395415475,0.10489813610749892,0.05425425425425425,Petrol,Dealer,Manual,0
jazz,2010,0.06160458452722064,0.07780667533593412,0.12152752752752752,Petrol,Dealer,Manual,0
brio,2014,0.1489971346704871,0.07022106631989597,0.03203203203203203,Petrol,Dealer,Manual,0
city,2016,0.3094555873925502,0.14390983961855225,0.06056656656656657,Petrol,Dealer,Automatic,0
city,2015,0.24498567335243557,0.14390983961855225,0.048648648648648644,Petrol,Dealer,Manual,0
city,2015,0.27507163323782235,0.14390983961855225,0.0426026026026026,Petrol,Dealer,Manual,0
jazz,2016,0.169054441260745,0.08755960121369745,0.007007007007007007,Petrol,Dealer,Manual,0
city,2014,0.17621776504297995,0.14390983961855225,0.07933133133133131,Petrol,Dealer,Manual,0
brio,2015,0.14756446991404013,0.06046814044213264,0.027957957957957955,Petrol,Dealer,Manual,0
city,2006,0.05730659025787966,0.0788903337667967,0.100012012012012,Petrol,Dealer,Manual,0
city,2014,0.23352435530085963,0.1482444733420026,0.1251251251251251,Diesel,Dealer,Manual,0
city,2016,0.2547277936962751,0.12440398786302558,0.017037037037037038,Petrol,Dealer,Manual,0
brio,2013,0.09742120343839543,0.06046814044213264,0.018618618618618618,Petrol,Dealer,Manual,0
jazz,2016,0.20916905444126077,0.08864325964456003,0.029147147147147147,Petrol,Dealer,Automatic,0
jazz,2016,0.15902578796561606,0.08214130905938449,0.05619419419419419,Petrol,Dealer,Manual,0
amaze,2015,0.16189111747851004,0.07780667533593412,0.08708708708708708,Petrol,Dealer,Automatic,0
city,2015,0.2378223495702006,0.14390983961855225,0.06706706706706705,Petrol,Dealer,Manual,0
city,2016,0.2868194842406877,0.14390983961855225,0.02098098098098098,Petrol,Dealer,Manual,0
amaze,2014,0.12607449856733527,0.06588643259644561,0.037037037037037035,Petrol,Dealer,Manual,0
brio,2015,0.15186246418338112,0.06263545730385782,0.06191591591591591,Petrol,Dealer,Manual,0
jazz,2016,0.18051575931232094,0.08755960121369745,0.023023023023023025,Petrol,Dealer,Manual,0
city,2010,0.09025787965616047,0.10381447767663633,0.07507507507507506,Petrol,Dealer,Manual,0
amaze,2014,0.10458452722063039,0.07022106631989597,0.06510310310310309,Petrol,Dealer,Manual,0
city,2015,0.2421203438395416,0.13838318162115304,0.11927127127127125,Diesel,Dealer,Manual,0
city,2016,0.2693409742120344,0.12223667100130038,0.06704304304304304,Diesel,Dealer,Manual,0
brio,2015,0.11174785100286534,0.06046814044213264,0.11911911911911911,Petrol,Dealer,Manual,0
city,2009,0.09312320916905445,0.11573472041612484,0.17504304304304302,Petrol,Dealer,Manual,0
city,2017,0.32664756446991405,0.13198959687906373,0.017017017017017015,Diesel,Dealer,Manual,0
brio,2016,0.1489971346704871,0.06046814044213264,0.009937937937937937,Petrol,Dealer,Manual,0
